,Adj Close,Adj Close,Close,Close,High,High,Low,Low,Open,Open,Volume,Volume
,AAPL,ABT,AAPL,ABT,AAPL,ABT,AAPL,ABT,AAPL,ABT,AAPL,ABT
Date,,,,,,,,,,,,
2021-10-01 00:00:00-04:00,141.62014770507812,114.8322525024414,142.64999389648438,117.20999908447266,142.9199981689453,118.43000030517578,139.11000061035156,115.0999984741211,141.89999389648438,118.19999694824219,94639600,8173200
2021-10-04 00:00:00-04:00,138.13552856445312,113.18634033203125,139.13999938964844,115.52999877929688,142.2100067138672,117.56999969482422,138.27000427246094,114.86000061035156,141.75999450683594,116.61000061035156,98322000,5903500
2021-10-05 00:00:00-04:00,140.09129333496094,113.52924346923828,141.11000061035156,115.87999725341797,142.24000549316406,116.94999694824219,139.36000061035156,115.52999877929688,139.49000549316406,116.11000061035156,80861100,4238400
2021-10-06 00:00:00-04:00,140.97486877441406,114.12686920166016,142.0,116.48999786376953,142.14999389648438,116.56999969482422,138.3699951171875,114.4000015258789,139.47000122070312,115.75,83221100,5498900
2021-10-07 00:00:00-04:00,142.25555419921875,115.51807403564453,143.2899932861328,117.91000366210938,144.22000122070312,118.70999908447266,142.72000122070312,117.44999694824219,143.05999755859375,117.55000305175781,61732700,4505800
2021-10-08 00:00:00-04:00,141.8683624267578,115.98831939697266,142.89999389648438,118.38999938964844,144.17999267578125,119.33000183105469,142.55999755859375,117.81999969482422,144.02999877929688,118.08999633789062,58773200,7193200
2021-10-11 00:00:00-04:00,141.77902221679688,114.50896453857422,142.80999755859375,116.87999725341797,144.80999755859375,118.94000244140625,141.80999755859375,116.8499984741211,142.27000427246094,118.1500015258789,64452200,3873200
2021-10-12 00:00:00-04:00,140.4884033203125,114.9400405883789,141.50999450683594,117.31999969482422,143.25,118.30999755859375,141.0399932861328,116.41000366210938,143.22999572753906,117.9000015258789,73035900,4599200
2021-10-13 00:00:00-04:00,139.8927459716797,114.62652587890625,140.91000366210938,117.0,141.39999389648438,118.2300033569336,139.1999969482422,116.44000244140625,141.24000549316406,117.5,78762700,3935100
2021-10-14 00:00:00-04:00,142.72215270996094,115.62969207763672,143.75999450683594,117.56999969482422,143.8800048828125,117.68000030517578,141.50999450683594,116.63999938964844,142.11000061035156,116.66000366210938,69907100,4977400
2021-10-15 00:00:00-04:00,143.7943572998047,115.55101013183594,144.83999633789062,117.48999786376953,144.89999389648438,118.33000183105469,143.50999450683594,117.12999725341797,143.77000427246094,118.08000183105469,67940300,6012400
2021-10-18 00:00:00-04:00,145.4920196533203,114.89207458496094,146.5500030517578,116.81999969482422,146.83999633789062,117.48999786376953,143.16000366210938,116.30000305175781,143.4499969482422,117.29000091552734,85589200,5275800
2021-10-19 00:00:00-04:00,147.68606567382812,117.3704833984375,148.75999450683594,119.33999633789062,149.1699981689453,120.18000030517578,146.5500030517578,117.05999755859375,147.00999450683594,117.05999755859375,76378900,5880000
2021-10-20 00:00:00-04:00,148.18246459960938,121.27495574951172,149.25999450683594,123.30999755859375,149.75,124.80000305175781,148.1199951171875,122.19000244140625,148.6999969482422,123.52999877929688,58418800,8401900
2021-10-21 00:00:00-04:00,148.40086364746094,122.98625183105469,149.47999572753906,125.05000305175781,149.63999938964844,125.5999984741211,147.8699951171875,123.08999633789062,148.80999755859375,123.51000213623047,61421000,4984000
2021-10-22 00:00:00-04:00,147.6165771484375,124.6286849975586,148.69000244140625,126.72000122070312,150.17999267578125,126.83999633789062,148.63999938964844,124.87999725341797,149.69000244140625,125.51000213623047,58883400,5742300
2021-10-25 00:00:00-04:00,147.5669403076172,124.49099731445312,148.63999938964844,126.58000183105469,149.3699951171875,126.8499984741211,147.6199951171875,125.4000015258789,148.67999267578125,126.48999786376953,50720600,4426900
2021-10-26 00:00:00-04:00,148.24203491210938,126.01541900634766,149.32000732421875,128.1300048828125,150.83999633789062,128.77999877929688,149.00999450683594,126.79000091552734,149.3300018310547,127.0,60893400,3994000
2021-10-27 00:00:00-04:00,147.77542114257812,125.60234832763672,148.85000610351562,127.70999908447266,149.72999572753906,129.39999389648438,148.49000549316406,127.37000274658203,149.36000061035156,129.0,56094900,4128600
2021-10-28 00:00:00-04:00,151.46856689453125,125.60234832763672,152.57000732421875,127.70999908447266,153.1699981689453,128.94000244140625,149.72000122070312,127.04000091552734,149.82000732421875,128.02999877929688,100077900,3645300
2021-10-29 00:00:00-04:00,148.7185516357422,126.76287078857422,149.8000030517578,128.88999938964844,149.94000244140625,129.00999450683594,146.41000366210938,126.83000183105469,147.22000122070312,127.26000213623047,124953200,4692200
2021-11-01 00:00:00-04:00,147.88462829589844,126.81205749511719,148.9600067138672,128.94000244140625,149.6999969482422,129.52999877929688,147.8000030517578,128.2899932861328,148.99000549316406,128.63999938964844,74588300,3494700
2021-11-02 00:00:00-04:00,148.93698120117188,125.60234832763672,150.02000427246094,127.70999908447266,151.57000732421875,129.52999877929688,148.64999389648438,127.29000091552734,148.66000366210938,129.3300018310547,69122000,8069600
2021-11-03 00:00:00-04:00,150.3963623046875,126.57601928710938,151.49000549316406,128.6999969482422,151.97000122070312,128.74000549316406,149.82000732421875,126.97000122070312,150.38999938964844,127.37999725341797,54511500,5110600
2021-11-04 00:00:00-04:00,149.87017822265625,126.9595718383789,150.9600067138672,129.08999633789062,152.42999267578125,129.49000549316406,150.63999938964844,128.19000244140625,151.5800018310547,128.9499969482422,60394600,4675900
2021-11-05 00:00:00-04:00,150.40707397460938,122.31746673583984,151.27999877929688,124.37000274658203,152.1999969482422,127.31999969482422,150.05999755859375,123.93000030517578,151.88999938964844,127.08000183105469,65463900,7989800
2021-11-08 00:00:00-05:00,149.5718994140625,124.70736694335938,150.44000244140625,126.80000305175781,151.57000732421875,127.2300033569336,150.16000366210938,123.80999755859375,151.41000366210938,124.0,55020900,4930000
2021-11-09 00:00:00-05:00,149.93978881835938,124.34346771240234,150.80999755859375,126.43000030517578,151.42999267578125,127.5,150.05999755859375,126.25,150.1999969482422,126.69999694824219,56787900,5130300
2021-11-10 00:00:00-05:00,147.06646728515625,125.71053314208984,147.9199981689453,127.81999969482422,150.1300048828125,128.11000061035156,147.85000610351562,126.05000305175781,150.02000427246094,126.19000244140625,65187100,5358900
2021-11-11 00:00:00-05:00,147.01673889160156,125.14994049072266,147.8699951171875,127.25,149.42999267578125,128.9600067138672,147.67999267578125,127.23999786376953,148.9600067138672,127.97000122070312,41000000,5054800
2021-11-12 00:00:00-05:00,149.12452697753906,126.33013916015625,149.99000549316406,128.4499969482422,150.39999389648438,128.85000610351562,147.47999572753906,127.12000274658203,148.42999267578125,127.94000244140625,63804000,6462200
2021-11-15 00:00:00-05:00,149.13446044921875,127.3038101196289,150.0,129.44000244140625,151.8800048828125,130.1999969482422,149.42999267578125,128.25999450683594,150.3699951171875,128.77000427246094,59222800,4565800
2021-11-16 00:00:00-05:00,150.12869262695312,128.7298583984375,151.0,130.88999938964844,151.49000549316406,131.60000610351562,149.33999633789062,129.63999938964844,149.94000244140625,129.63999938964844,59256200,4141300
2021-11-17 00:00:00-05:00,152.6043243408203,126.49732208251953,153.49000549316406,128.6199951171875,155.0,130.6999969482422,150.99000549316406,128.5399932861328,151.0,130.61000061035156,88807000,4759900
2021-11-18 00:00:00-05:00,156.95904541015625,125.53350830078125,157.8699951171875,127.63999938964844,158.6699981689453,129.42999267578125,153.0500030517578,127.47000122070312,153.7100067138672,129.30999755859375,137827700,4466100
2021-11-19 00:00:00-05:00,159.62356567382812,124.74669647216797,160.5500030517578,126.83999633789062,161.02000427246094,128.52999877929688,156.52999877929688,126.45999908447266,157.64999389648438,128.41000366210938,117305600,6867700
2021-11-22 00:00:00-05:00,160.09088134765625,123.19278717041016,161.02000427246094,125.26000213623047,165.6999969482422,126.80000305175781,161.0,124.68000030517578,161.67999267578125,126.77999877929688,117467900,4205400
2021-11-23 00:00:00-05:00,160.47862243652344,122.4256591796875,161.41000366210938,124.4800033569336,161.8000030517578,124.88999938964844,159.05999755859375,123.22000122070312,161.1199951171875,124.51000213623047,96041900,4873700
2021-11-24 00:00:00-05:00,161.00555419921875,123.00592041015625,161.94000244140625,125.06999969482422,162.13999938964844,125.27999877929688,159.63999938964844,124.0,160.75,124.06999969482422,69463600,3729500
2021-11-26 00:00:00-05:00,155.90516662597656,123.80254364013672,156.80999755859375,125.87999725341797,160.4499969482422,129.75,156.36000061035156,125.44000244140625,159.57000732421875,127.80999755859375,76959800,4671400
2021-11-29 00:00:00-05:00,159.3153839111328,125.91706848144531,160.24000549316406,128.02999877929688,161.19000244140625,128.94000244140625,158.7899932861328,125.36000061035156,159.3699951171875,126.3499984741211,88748200,5648200
2021-11-30 00:00:00-05:00,164.34617614746094,123.6943588256836,165.3000030517578,125.7699966430664,165.52000427246094,128.7899932861328,159.9199981689453,125.33999633789062,159.99000549316406,128.1999969482422,174048100,7269900
2021-12-01 00:00:00-05:00,163.81922912597656,124.64836120605469,164.77000427246094,126.73999786376953,170.3000030517578,128.47999572753906,164.52999877929688,125.12000274658203,167.47999572753906,126.4800033569336,152052500,4816700
2021-12-02 00:00:00-05:00,162.8150634765625,126.26129913330078,163.75999450683594,128.3800048828125,164.1999969482422,129.85000610351562,157.8000030517578,126.29000091552734,158.74000549316406,126.29000091552734,136739200,5090800
2021-12-03 00:00:00-05:00,160.9061279296875,128.12010192871094,161.83999633789062,130.27000427246094,164.9600067138672,130.4600067138672,159.72000122070312,128.02999877929688,164.02000427246094,128.8800048828125,118023100,5254500
2021-12-06 00:00:00-05:00,164.36605834960938,130.28378295898438,165.32000732421875,132.47000122070312,167.8800048828125,133.27999877929688,164.27999877929688,130.61000061035156,164.2899932861328,130.75999450683594,107497000,6601600
2021-12-07 00:00:00-05:00,170.19223022460938,130.234619140625,171.17999267578125,132.4199981689453,171.5800018310547,134.0800018310547,168.33999633789062,131.8000030517578,169.0800018310547,134.0,120405400,5143600
2021-12-08 00:00:00-05:00,174.06973266601562,130.1854248046875,175.0800018310547,132.3699951171875,175.9600067138672,133.4499969482422,170.6999969482422,131.1199951171875,172.1300048828125,132.8000030517578,116998900,5389400
2021-12-09 00:00:00-05:00,173.552734375,130.34280395507812,174.55999755859375,132.52999877929688,176.75,133.11000061035156,173.9199981689453,131.47999572753906,174.91000366210938,132.5,108923700,2663300
2021-12-10 00:00:00-05:00,178.41452026367188,132.1524200439453,179.4499969482422,134.3699951171875,179.6300048828125,134.5,174.69000244140625,132.8699951171875,175.2100067138672,133.4199981689453,115402700,4371800
2021-12-13 00:00:00-05:00,174.7259521484375,133.71620178222656,175.74000549316406,135.9600067138672,182.1300048828125,137.0,175.52999877929688,134.5,181.1199951171875,134.5,153237000,5094800
2021-12-14 00:00:00-05:00,173.32406616210938,130.74603271484375,174.3300018310547,132.94000244140625,177.74000549316406,136.0,172.2100067138672,132.0,175.25,135.92999267578125,139380400,8193300
2021-12-15 00:00:00-05:00,178.26539611816406,133.32278442382812,179.3000030517578,135.55999755859375,179.5,135.6699981689453,172.30999755859375,132.89999389648438,175.11000061035156,133.5399932861328,131063300,6422300
2021-12-16 00:00:00-05:00,171.2659912109375,133.8440399169922,172.25999450683594,136.08999633789062,181.13999938964844,136.61000061035156,170.75,134.60000610351562,179.27999877929688,135.44000244140625,150185800,6984100
2021-12-17 00:00:00-05:00,170.1524658203125,134.84719848632812,171.13999938964844,137.11000061035156,173.47000122070312,139.27000427246094,169.69000244140625,136.88999938964844,169.92999267578125,137.5399932861328,195432700,12146000
2021-12-20 00:00:00-05:00,168.77049255371094,132.75238037109375,169.75,134.97999572753906,170.5800018310547,137.80999755859375,167.4600067138672,134.22000122070312,168.27999877929688,136.1999969482422,107499100,6501200
2021-12-21 00:00:00-05:00,171.99179077148438,133.03758239746094,172.99000549316406,135.27000427246094,173.1999969482422,137.17999267578125,169.1199951171875,133.39999389648438,171.55999755859375,136.02000427246094,91185900,7153800
2021-12-22 00:00:00-05:00,174.62649536132812,136.69619750976562,175.63999938964844,138.99000549316406,175.86000061035156,139.02000427246094,172.14999389648438,135.7899932861328,173.0399932861328,135.8800048828125,92135300,6768900
2021-12-23 00:00:00-05:00,175.2628173828125,136.86337280273438,176.27999877929688,139.16000366210938,176.85000610351562,140.22999572753906,175.27000427246094,138.72000122070312,175.85000610351562,139.64999389648438,68356600,3491800
2021-12-27 00:00:00-05:00,179.28945922851562,139.12542724609375,180.3300018310547,141.4600067138672,180.4199981689453,142.60000610351562,177.07000732421875,139.42999267578125,177.08999633789062,139.82000732421875,74919600,3801700
2021-12-28 00:00:00-05:00,178.2554473876953,138.15176391601562,179.2899932861328,140.47000122070312,181.3300018310547,141.7100067138672,178.52999877929688,140.1300048828125,180.16000366210938,141.5800018310547,79144300,3296000
2021-12-29 00:00:00-05:00,178.3449249267578,138.85987854003906,179.3800048828125,141.19000244140625,180.6300048828125,141.66000366210938,178.13999938964844,139.3300018310547,179.3300018310547,140.47000122070312,62348900,2848900
2021-12-30 00:00:00-05:00,177.17172241210938,138.6730194091797,178.1999969482422,141.0,180.57000732421875,141.75,178.08999633789062,140.58999633789062,179.47000122070312,141.41000366210938,59773000,2809100
2021-12-31 00:00:00-05:00,176.54537963867188,138.41729736328125,177.57000732421875,140.74000549316406,179.22999572753906,141.77000427246094,177.25999450683594,140.72000122070312,178.08999633789062,141.0,64062300,3271800
2022-01-03 00:00:00-05:00,180.95973205566406,136.745361328125,182.00999450683594,139.0399932861328,182.8800048828125,139.8300018310547,177.7100067138672,137.2100067138672,177.8300018310547,139.42999267578125,104487900,6688100
2022-01-04 00:00:00-05:00,178.66307067871094,133.5293426513672,179.6999969482422,135.77000427246094,182.94000244140625,139.64999389648438,179.1199951171875,134.75999450683594,182.6300048828125,139.5,99310400,8241200
2022-01-05 00:00:00-05:00,173.91065979003906,132.92938232421875,174.9199981689453,135.16000366210938,180.1699981689453,137.02999877929688,174.63999938964844,135.07000732421875,179.61000061035156,135.14999389648438,94537600,5948200
2022-01-06 00:00:00-05:00,171.00750732421875,132.9097137451172,172.0,135.13999938964844,175.3000030517578,136.2100067138672,171.63999938964844,133.8800048828125,172.6999969482422,135.0,96904000,5710200
2022-01-07 00:00:00-05:00,171.17654418945312,133.32278442382812,172.1699981689453,135.55999755859375,174.13999938964844,136.17999267578125,171.02999877929688,134.3800048828125,172.88999938964844,134.8800048828125,86709100,4367500
2022-01-10 00:00:00-05:00,171.1964111328125,133.02774047851562,172.19000244140625,135.25999450683594,172.5,135.5,168.1699981689453,133.9199981689453,169.0800018310547,134.7899932861328,106765600,5975600
2022-01-11 00:00:00-05:00,174.06973266601562,133.46047973632812,175.0800018310547,135.6999969482422,175.17999267578125,135.97000122070312,170.82000732421875,134.0399932861328,172.32000732421875,135.22999572753906,76138300,5709400
2022-01-12 00:00:00-05:00,174.5171356201172,131.51318359375,175.52999877929688,133.72000122070312,177.17999267578125,135.6999969482422,174.82000732421875,132.52999877929688,176.1199951171875,134.88999938964844,74805200,8416000
2022-01-13 00:00:00-05:00,171.1964111328125,127.96007537841797,172.19000244140625,129.64999389648438,176.6199951171875,132.8300018310547,171.7899932861328,129.42999267578125,175.77999877929688,132.38999938964844,84505800,7174500
2022-01-14 00:00:00-05:00,172.07135009765625,126.48951721191406,173.07000732421875,128.16000366210938,173.77999877929688,130.58999633789062,171.08999633789062,127.0199966430664,171.33999633789062,130.49000549316406,80440800,9256900
2022-01-18 00:00:00-05:00,168.82022094726562,124.92022705078125,169.8000030517578,126.56999969482422,172.5399932861328,127.93000030517578,169.41000366210938,125.55000305175781,171.50999450683594,127.4000015258789,90956700,5850100
2022-01-19 00:00:00-05:00,165.27081298828125,124.40701293945312,166.22999572753906,126.05000305175781,171.0800018310547,127.58000183105469,165.94000244140625,125.83000183105469,170.0,126.75,94815000,3996400
2022-01-20 00:00:00-05:00,163.56072998046875,123.08448028564453,164.50999450683594,124.70999908447266,169.67999267578125,127.91000366210938,164.17999267578125,124.61000061035156,166.97999572753906,126.23999786376953,91420500,8652600
2022-01-21 00:00:00-05:00,161.4728546142578,124.18988800048828,162.41000366210938,125.83000183105469,166.3300018310547,127.08999633789062,162.3000030517578,124.86000061035156,164.4199981689453,126.80999755859375,122848900,10132700
2022-01-24 00:00:00-05:00,160.68739318847656,122.20608520507812,161.6199951171875,123.81999969482422,162.3000030517578,124.5,154.6999969482422,120.68000030517578,160.02000427246094,124.01000213623047,162294600,10864500
2022-01-25 00:00:00-05:00,158.85801696777344,121.66324615478516,159.77999877929688,123.2699966430664,162.75999450683594,124.62000274658203,157.02000427246094,121.58999633789062,158.97999572753906,123.08000183105469,115798400,9126600
2022-01-26 00:00:00-05:00,158.76852416992188,118.50495910644531,159.69000244140625,120.06999969482422,164.38999938964844,121.68000030517578,157.82000732421875,119.0,163.5,119.19000244140625,108275300,14753100
2022-01-27 00:00:00-05:00,158.30123901367188,118.8701400756836,159.22000122070312,120.44000244140625,163.83999633789062,123.16999816894531,158.27999877929688,119.73999786376953,162.4499969482422,120.9800033569336,121954600,9179500
2022-01-28 00:00:00-05:00,169.34715270996094,123.71613311767578,170.3300018310547,125.3499984741211,170.35000610351562,125.52999877929688,162.8000030517578,119.61000061035156,165.7100067138672,120.7699966430664,179935700,8286500
2022-01-31 00:00:00-05:00,173.77146911621094,125.79862976074219,174.77999877929688,127.45999908447266,175.0,127.95999908447266,169.50999450683594,125.12999725341797,170.16000366210938,125.5199966430664,115541600,7210000
2022-02-01 00:00:00-05:00,173.6024627685547,125.5420150756836,174.61000061035156,127.19999694824219,174.83999633789062,127.66000366210938,172.30999755859375,126.23999786376953,174.00999450683594,127.37000274658203,86213900,5602000
2022-02-02 00:00:00-05:00,174.82533264160156,128.34500122070312,175.83999633789062,130.0399932861328,175.8800048828125,130.74000549316406,173.3300018310547,127.86000061035156,174.75,128.25,84914300,7450500
2022-02-03 00:00:00-05:00,171.90231323242188,128.41409301757812,172.89999389648438,130.11000061035156,176.24000549316406,130.94000244140625,172.1199951171875,128.25999450683594,174.47999572753906,128.6300048828125,89418100,5613300
2022-02-04 00:00:00-05:00,171.61363220214844,128.01931762695312,172.38999938964844,129.7100067138672,174.10000610351562,130.52000427246094,170.67999267578125,128.60000610351562,171.67999267578125,129.55999755859375,82465400,4149700
2022-02-07 00:00:00-05:00,170.8869171142578,126.38094329833984,171.66000366210938,128.0500030517578,173.9499969482422,129.9499969482422,170.9499969482422,127.68000030517578,172.86000061035156,129.8699951171875,77251200,4035200
2022-02-08 00:00:00-05:00,174.04263305664062,126.97311401367188,174.8300018310547,128.64999389648438,175.35000610351562,128.94000244140625,171.42999267578125,127.16000366210938,171.72999572753906,127.52999877929688,74829200,3890900
2022-02-09 00:00:00-05:00,175.48611450195312,128.78915405273438,176.27999877929688,130.49000549316406,176.64999389648438,130.7899932861328,174.89999389648438,129.4199981689453,176.0500030517578,129.52000427246094,71285000,3434200
2022-02-10 00:00:00-05:00,171.34483337402344,126.0947265625,172.1199951171875,127.76000213623047,175.47999572753906,129.9199981689453,171.5500030517578,127.16999816894531,174.13999938964844,128.57000732421875,90865900,5917700
2022-02-11 00:00:00-05:00,167.88052368164062,123.85430908203125,168.63999938964844,125.48999786376953,173.0800018310547,128.9199981689453,168.0399932861328,125.1500015258789,172.3300018310547,127.77999877929688,98670700,4803200
2022-02-14 00:00:00-05:00,168.1194305419922,121.17963409423828,168.8800048828125,122.77999877929688,169.5800018310547,125.56999969482422,166.55999755859375,121.9800033569336,167.3699951171875,125.0,86185500,7433900
2022-02-15 00:00:00-05:00,172.01182556152344,122.36399841308594,172.7899932861328,123.9800033569336,172.9499969482422,125.41999816894531,170.25,123.41000366210938,170.97000122070312,124.19000244140625,62527400,5298000
2022-02-16 00:00:00-05:00,171.77291870117188,122.06790161132812,172.5500030517578,123.68000030517578,173.33999633789062,124.11000061035156,170.0500030517578,121.55999755859375,171.85000610351562,123.44999694824219,61177400,5078100
2022-02-17 00:00:00-05:00,168.1194305419922,119.00831604003906,168.8800048828125,120.58000183105469,171.91000366210938,123.18000030517578,168.47000122070312,120.47000122070312,171.02999877929688,122.98999786376953,69589300,3688300
2022-02-18 00:00:00-05:00,166.5465545654297,115.26770782470703,167.3000030517578,116.79000091552734,170.5399932861328,120.30999755859375,166.19000244140625,114.83999633789062,169.82000732421875,120.0,82772700,12376100
2022-02-22 00:00:00-05:00,163.57997131347656,115.97833251953125,164.32000732421875,117.51000213623047,166.69000244140625,119.33000183105469,162.14999389648438,116.0999984741211,164.97999572753906,116.54000091552734,91162800,8372800
2022-02-23 00:00:00-05:00,159.34912109375,115.72171020507812,160.07000732421875,117.25,166.14999389648438,118.83999633789062,159.75,116.98999786376953,165.5399932861328,118.0,90009200,5184200
2022-02-24 00:00:00-05:00,162.00709533691406,117.17255401611328,162.74000549316406,118.72000122070312,162.85000610351562,118.91999816894531,152.0,114.43000030517578,152.5800018310547,115.0,141147500,6252600
2022-02-25 00:00:00-05:00,164.1075897216797,120.81446075439453,164.85000610351562,122.41000366210938,165.1199951171875,122.93000030517578,160.8699951171875,118.5,163.83999633789062,118.72000122070312,91974200,5837700
2022-02-28 00:00:00-05:00,164.37637329101562,119.04779815673828,165.1199951171875,120.62000274658203,165.4199981689453,121.05999755859375,162.42999267578125,119.1500015258789,163.05999755859375,121.05000305175781,95056600,6828400
2022-03-01 00:00:00-05:00,162.46502685546875,116.62972259521484,163.1999969482422,118.16999816894531,166.60000610351562,121.16000366210938,161.97000122070312,117.37999725341797,164.6999969482422,120.30999755859375,83474400,6697700
2022-03-02 00:00:00-05:00,165.8098907470703,118.79118347167969,166.55999755859375,120.36000061035156,167.36000061035156,121.05000305175781,162.9499969482422,118.26000213623047,164.38999938964844,118.62000274658203,79724800,6419800
2022-03-03 00:00:00-05:00,165.4813690185547,119.39322662353516,166.22999572753906,120.97000122070312,168.91000366210938,122.06999969482422,165.5500030517578,120.48999786376953,168.47000122070312,120.80000305175781,76678400,5223100
2022-03-04 00:00:00-05:00,162.43515014648438,119.8274917602539,163.1699981689453,121.41000366210938,165.5500030517578,121.76000213623047,162.10000610351562,119.01000213623047,164.49000549316406,119.93000030517578,83737200,5911400
2022-03-07 00:00:00-05:00,158.5825958251953,117.31072998046875,159.3000030517578,118.86000061035156,165.02000427246094,120.88999938964844,159.0399932861328,117.26000213623047,163.36000061035156,120.54000091552734,96418800,6632000
2022-03-08 00:00:00-05:00,156.73095703125,114.5965805053711,157.44000244140625,116.11000061035156,162.8800048828125,119.0199966430664,155.8000030517578,115.70999908447266,158.82000732421875,117.91000366210938,131148300,6694000
2022-03-09 00:00:00-05:00,162.21615600585938,116.84685516357422,162.9499969482422,118.38999938964844,163.41000366210938,119.19999694824219,159.41000366210938,116.44000244140625,161.47999572753906,117.9000015258789,91454900,5004700
2022-03-10 00:00:00-05:00,157.8061065673828,115.4749755859375,158.52000427246094,117.0,160.38999938964844,117.80999755859375,155.97999572753906,115.7300033569336,160.1999969482422,117.18000030517578,105342000,4377600
2022-03-11 00:00:00-05:00,154.0331573486328,112.5338134765625,154.72999572753906,114.0199966430664,159.27999877929688,118.05999755859375,154.5,113.87999725341797,158.92999267578125,117.44000244140625,96970100,8012400
2022-03-14 00:00:00-04:00,149.94166564941406,114.0142593383789,150.6199951171875,115.5199966430664,154.1199951171875,117.20999908447266,150.10000610351562,114.58000183105469,151.4499969482422,114.9000015258789,108732100,5527500
2022-03-15 00:00:00-04:00,154.3915252685547,115.94872283935547,155.08999633789062,117.4800033569336,155.57000732421875,117.79000091552734,150.3800048828125,116.22000122070312,150.89999389648438,117.5,92964300,5041200
2022-03-16 00:00:00-04:00,158.87127685546875,117.92264556884766,159.58999633789062,119.4800033569336,160.0,119.54000091552734,154.4600067138672,116.95999908447266,157.0500030517578,118.20999908447266,102300200,4441800
2022-03-17 00:00:00-04:00,159.89663696289062,119.62023162841797,160.6199951171875,121.19999694824219,161.0,121.23999786376953,157.6300048828125,118.7300033569336,158.61000061035156,119.0,75615400,3998900
2022-03-18 00:00:00-04:00,163.2415008544922,120.85392761230469,163.97999572753906,122.44999694824219,164.47999572753906,122.66999816894531,159.75999450683594,120.68000030517578,160.50999450683594,121.73999786376953,123511700,7823800
2022-03-21 00:00:00-04:00,164.6352081298828,120.17292785644531,165.3800048828125,121.76000213623047,166.35000610351562,123.0999984741211,163.00999450683594,121.16000366210938,163.50999450683594,121.93000030517578,95811400,4135100
2022-03-22 00:00:00-04:00,168.05970764160156,120.30123138427734,168.82000732421875,121.88999938964844,169.4199981689453,122.52999877929688,164.91000366210938,121.26000213623047,165.50999450683594,121.88999938964844,81532000,4479600
2022-03-23 00:00:00-04:00,169.44346618652344,115.39601135253906,170.2100067138672,116.91999816894531,172.63999938964844,121.23999786376953,167.64999389648438,116.73999786376953,167.99000549316406,121.11000061035156,98062700,5656000
2022-03-24 00:00:00-04:00,173.2860565185547,116.28428649902344,174.07000732421875,117.81999969482422,174.13999938964844,117.87999725341797,170.2100067138672,116.61000061035156,171.05999755859375,117.37999725341797,90131400,4505800
2022-03-25 00:00:00-04:00,173.93313598632812,117.3995590209961,174.72000122070312,118.94999694824219,175.27999877929688,119.30999755859375,172.75,117.73999786376953,173.8800048828125,118.6500015258789,80546200,2896300
2022-03-28 00:00:00-04:00,174.80917358398438,118.4260025024414,175.60000610351562,119.98999786376953,175.72999572753906,120.0,172.0,118.70999908447266,172.1699981689453,119.37999725341797,90371900,5350900
2022-03-29 00:00:00-04:00,178.15403747558594,118.62339782714844,178.9600067138672,120.19000244140625,179.00999450683594,122.06999969482422,176.33999633789062,119.30999755859375,176.69000244140625,121.83000183105469,100589400,5126100
2022-03-30 00:00:00-04:00,176.9694061279297,118.8109130859375,177.77000427246094,120.37999725341797,179.61000061035156,120.73999786376953,176.6999969482422,119.47000122070312,178.5500030517578,119.87000274658203,92633200,4064800
2022-03-31 00:00:00-04:00,173.82363891601562,116.81724548339844,174.61000061035156,118.36000061035156,178.02999877929688,120.48999786376953,174.39999389648438,118.0999984741211,177.83999633789062,120.20999908447266,103049300,5432600
2022-04-01 00:00:00-04:00,173.52496337890625,117.03437805175781,174.30999755859375,118.58000183105469,174.8800048828125,118.97000122070312,171.94000244140625,117.26000213623047,174.02999877929688,118.83999633789062,78751300,4314000
2022-04-04 00:00:00-04:00,177.63636779785156,117.3304672241211,178.44000244140625,118.87999725341797,178.49000549316406,118.9800033569336,174.44000244140625,117.56999969482422,174.57000732421875,117.87000274658203,76468400,4037200
2022-04-05 00:00:00-04:00,174.27159118652344,117.92264556884766,175.05999755859375,119.4800033569336,178.3000030517578,121.19000244140625,174.4199981689453,118.13999938964844,177.5,118.26000213623047,73401800,6113400
2022-04-06 00:00:00-04:00,171.05615234375,118.37665557861328,171.8300018310547,119.94000244140625,173.6300048828125,120.19000244140625,170.1300048828125,117.76000213623047,172.36000061035156,119.0,89058800,5485100
2022-04-07 00:00:00-04:00,171.36474609375,121.76194763183594,172.13999938964844,123.37000274658203,173.36000061035156,124.20999908447266,169.85000610351562,119.29000091552734,171.16000366210938,119.5999984741211,77594700,5863500
2022-04-08 00:00:00-04:00,169.323974609375,121.64350891113281,170.08999633789062,123.25,171.77999877929688,124.36000061035156,169.1999969482422,122.11000061035156,171.77999877929688,123.41999816894531,76575500,5093900
2022-04-11 00:00:00-04:00,165.00352478027344,118.47534942626953,165.75,120.04000091552734,169.02999877929688,123.5,165.5,119.77999877929688,168.7100067138672,123.4800033569336,72246700,4071100
2022-04-12 00:00:00-04:00,166.90493774414062,116.84685516357422,167.66000366210938,118.38999938964844,169.8699951171875,120.61000061035156,166.63999938964844,117.72000122070312,168.02000427246094,119.79000091552734,79265200,4432300
2022-04-13 00:00:00-04:00,169.632568359375,118.39265441894531,170.39999389648438,119.4800033569336,171.0399932861328,119.80999755859375,166.77000427246094,117.25,167.38999938964844,117.55999755859375,70618900,4407900
2022-04-14 00:00:00-04:00,164.54559326171875,116.61894989013672,165.2899932861328,117.69000244140625,171.27000427246094,120.25,165.0399932861328,117.55999755859375,170.6199951171875,120.05000305175781,75329400,3140000
2022-04-18 00:00:00-04:00,164.32659912109375,115.231689453125,165.07000732421875,116.29000091552734,166.60000610351562,118.33000183105469,163.57000732421875,115.54000091552734,163.9199981689453,117.0199966430664,69023900,4115900
2022-04-19 00:00:00-04:00,166.64610290527344,118.88811492919922,167.39999389648438,119.9800033569336,167.82000732421875,120.2300033569336,163.91000366210938,116.6500015258789,165.02000427246094,116.68000030517578,67723800,5120900
2022-04-20 00:00:00-04:00,166.4768524169922,121.52389526367188,167.22999572753906,122.63999938964844,168.8800048828125,124.05000305175781,166.10000610351562,117.5,168.75999450683594,119.4800033569336,67929800,8334200
2022-04-21 00:00:00-04:00,165.67051696777344,122.24726104736328,166.4199981689453,123.37000274658203,171.52999877929688,124.3499984741211,165.91000366210938,122.6500015258789,168.91000366210938,123.18000030517578,87227800,7321100
2022-04-22 00:00:00-04:00,161.0613555908203,118.55120086669922,161.7899932861328,119.63999938964844,167.8699951171875,123.18000030517578,161.5,119.55999755859375,166.4600067138672,123.0199966430664,84882400,6710100
2022-04-25 00:00:00-04:00,162.14645385742188,118.91783142089844,162.8800048828125,120.01000213623047,163.1699981689453,120.30999755859375,158.4600067138672,117.83999633789062,161.1199951171875,119.16000366210938,96046400,4503500
2022-04-26 00:00:00-04:00,156.09384155273438,115.9054946899414,156.8000030517578,116.97000122070312,162.33999633789062,119.63999938964844,156.72000122070312,116.97000122070312,162.25,118.61000061035156,95623200,3366300
2022-04-27 00:00:00-04:00,155.86488342285156,115.65777587890625,156.57000732421875,116.72000122070312,159.7899932861328,118.58000183105469,155.3800048828125,116.12999725341797,155.91000366210938,117.29000091552734,88063200,4178700
2022-04-28 00:00:00-04:00,162.9030303955078,116.93603515625,163.63999938964844,118.01000213623047,164.52000427246094,118.73999786376953,158.92999267578125,116.83000183105469,159.25,117.55000305175781,130216800,4960000
2022-04-29 00:00:00-04:00,156.94000244140625,112.46707153320312,157.64999389648438,113.5,166.1999969482422,117.7699966430664,157.25,113.12999725341797,161.83999633789062,117.05999755859375,131747600,6815900
2022-05-02 00:00:00-04:00,157.24862670898438,111.80317687988281,157.9600067138672,112.83000183105469,158.22999572753906,114.0199966430664,153.27000427246094,110.27999877929688,156.7100067138672,113.5,123055300,4905000
2022-05-03 00:00:00-04:00,158.7617645263672,111.40681457519531,159.47999572753906,112.43000030517578,160.7100067138672,114.33999633789062,156.32000732421875,111.81999969482422,158.14999389648438,113.05000305175781,88966500,4491500
2022-05-04 00:00:00-04:00,165.27230834960938,114.64704895019531,166.02000427246094,115.69999694824219,166.47999572753906,116.33000183105469,159.25999450683594,111.12999725341797,159.6699981689453,112.5,108256500,5347400
2022-05-05 00:00:00-04:00,156.06398010253906,111.98153686523438,156.77000427246094,113.01000213623047,164.0800018310547,115.0,154.9499969482422,111.68000030517578,163.85000610351562,114.86000061035156,130525300,5703300
2022-05-06 00:00:00-04:00,156.8017120361328,111.2482681274414,157.27999877929688,112.2699966430664,159.44000244140625,113.66999816894531,154.17999267578125,110.97000122070312,156.00999450683594,112.55000305175781,116124600,4966800
2022-05-09 00:00:00-04:00,151.59759521484375,106.41268157958984,152.05999755859375,107.38999938964844,155.8300018310547,111.19999694824219,151.49000549316406,106.94000244140625,154.92999267578125,110.69000244140625,131577900,6478200
2022-05-10 00:00:00-04:00,154.04013061523438,105.77850341796875,154.50999450683594,106.75,156.74000549316406,109.62999725341797,152.92999267578125,106.20999908447266,155.52000427246094,108.91000366210938,115366700,6248300
2022-05-11 00:00:00-04:00,146.05450439453125,104.87678527832031,146.5,105.83999633789062,155.4499969482422,108.0199966430664,145.80999755859375,105.66000366210938,153.5,106.66000366210938,142689800,6636100
2022-05-12 00:00:00-04:00,142.12648010253906,106.9874038696289,142.55999755859375,107.97000122070312,146.1999969482422,108.0199966430664,138.8000030517578,104.62999725341797,142.77000427246094,105.5,182602000,8516100
2022-05-13 00:00:00-04:00,146.66265869140625,108.88002014160156,147.11000061035156,109.87999725341797,148.10000610351562,110.51000213623047,143.11000061035156,108.36000061035156,144.58999633789062,108.36000061035156,113990900,6159300
2022-05-16 00:00:00-04:00,145.09742736816406,108.71156311035156,145.5399932861328,109.70999908447266,147.52000427246094,110.5199966430664,144.17999267578125,107.80999755859375,145.5500030517578,109.4000015258789,86643800,7459000
2022-05-17 00:00:00-04:00,148.7861785888672,113.49761199951172,149.24000549316406,114.54000091552734,149.77000427246094,115.43000030517578,146.67999267578125,111.58999633789062,148.86000061035156,111.58999633789062,78336300,9172000
2022-05-18 00:00:00-04:00,140.39178466796875,111.7139892578125,140.82000732421875,112.73999786376953,147.36000061035156,114.69999694824219,139.89999389648438,112.2300033569336,146.85000610351562,113.41999816894531,109742900,6933900
2022-05-19 00:00:00-04:00,136.9323272705078,111.4167251586914,137.35000610351562,112.44000244140625,141.66000366210938,113.01000213623047,136.60000610351562,110.5199966430664,139.8800048828125,112.02999877929688,136095600,6304800
2022-05-20 00:00:00-04:00,137.1715850830078,112.20943450927734,137.58999633789062,113.23999786376953,140.6999969482422,113.72000122070312,132.61000061035156,110.81999969482422,139.08999633789062,113.4000015258789,137426100,4509600
2022-05-23 00:00:00-04:00,142.6748046875,113.983154296875,143.11000061035156,115.02999877929688,143.25999450683594,115.36000061035156,137.64999389648438,112.94000244140625,137.7899932861328,113.8499984741211,117726300,4357000
2022-05-24 00:00:00-04:00,139.93316650390625,112.734619140625,140.36000061035156,113.7699966430664,141.97000122070312,115.16000366210938,137.3300018310547,111.83000183105469,140.80999755859375,115.16000366210938,104132700,5272600
2022-05-25 00:00:00-04:00,140.0926971435547,112.15989685058594,140.52000427246094,113.19000244140625,141.7899932861328,114.94000244140625,138.33999633789062,112.3499984741211,138.42999267578125,113.19999694824219,92482700,3921700
2022-05-26 00:00:00-04:00,143.34275817871094,113.8246078491211,143.77999877929688,114.87000274658203,144.33999633789062,115.51000213623047,137.13999938964844,113.20999908447266,137.38999938964844,113.77999877929688,90601500,4027800
2022-05-27 00:00:00-04:00,149.18495178222656,115.6280517578125,149.63999938964844,116.69000244140625,149.67999267578125,116.91999816894531,145.25999450683594,115.4800033569336,145.38999938964844,116.08000183105469,90978500,3884800
2022-05-31 00:00:00-04:00,148.38739013671875,116.39103698730469,148.83999633789062,117.45999908447266,150.66000366210938,118.08999633789062,146.83999633789062,114.4000015258789,149.07000732421875,115.55999755859375,103718400,10563500
2022-06-01 00:00:00-04:00,148.25778198242188,114.03269958496094,148.7100067138672,115.08000183105469,151.74000549316406,118.0,147.67999267578125,114.52999877929688,149.89999389648438,117.8499984741211,74286600,4890200
2022-06-02 00:00:00-04:00,150.75018310546875,116.44058227539062,151.2100067138672,117.51000213623047,151.27000427246094,117.61000061035156,146.86000061035156,113.2300033569336,147.8300018310547,115.29000091552734,72348100,3856600
2022-06-03 00:00:00-04:00,144.9379119873047,115.50914001464844,145.3800048828125,116.56999969482422,147.97000122070312,117.55000305175781,144.4600067138672,116.33000183105469,146.89999389648438,116.77999877929688,88570300,3778200
2022-06-06 00:00:00-04:00,145.6956024169922,115.36050415039062,146.13999938964844,116.41999816894531,148.57000732421875,118.2300033569336,144.89999389648438,116.04000091552734,147.02999877929688,117.37999725341797,71598400,4205600
2022-06-07 00:00:00-04:00,148.25778198242188,115.81631469726562,148.7100067138672,116.87999725341797,149.0,117.2300033569336,144.10000610351562,115.22000122070312,144.35000610351562,116.0999984741211,67808200,3285600
2022-06-08 00:00:00-04:00,147.51007080078125,113.64624786376953,147.9600067138672,114.69000244140625,149.8699951171875,116.1500015258789,147.4600067138672,114.33999633789062,148.5800018310547,115.73999786376953,53950200,3683400
2022-06-09 00:00:00-04:00,142.20623779296875,111.68426513671875,142.63999938964844,112.70999908447266,147.9499969482422,115.44000244140625,142.52999877929688,112.68000030517578,147.0800018310547,114.63999938964844,69473000,3424700
2022-06-10 00:00:00-04:00,136.71299743652344,108.6323013305664,137.1300048828125,109.62999725341797,140.75999450683594,111.4800033569336,137.05999755859375,109.0999984741211,140.27999877929688,110.80999755859375,91437900,4805600
2022-06-13 00:00:00-04:00,131.4789581298828,104.94615173339844,131.8800048828125,105.91000366210938,135.1999969482422,108.0999984741211,131.44000244140625,105.33999633789062,132.8699951171875,107.68000030517578,122207100,5215300
2022-06-14 00:00:00-04:00,132.3562774658203,102.00318908691406,132.75999450683594,102.94000244140625,133.88999938964844,105.4000015258789,131.47999572753906,101.94999694824219,133.1300048828125,105.0999984741211,84784300,5890100
2022-06-15 00:00:00-04:00,135.01815795898438,103.84626007080078,135.42999267578125,104.80000305175781,137.33999633789062,106.08000183105469,132.16000366210938,102.66000366210938,134.2899932861328,104.31999969482422,91533000,5278100
2022-06-16 00:00:00-04:00,129.66448974609375,101.14109802246094,130.05999755859375,102.06999969482422,132.38999938964844,102.75,129.0399932861328,101.23999786376953,132.0800018310547,102.4000015258789,108123900,4793600
2022-06-17 00:00:00-04:00,131.15992736816406,101.59690856933594,131.55999755859375,102.52999877929688,133.0800018310547,103.69000244140625,129.80999755859375,101.23999786376953,130.07000732421875,101.23999786376953,134520300,10249200
2022-06-21 00:00:00-04:00,135.4568328857422,103.45980834960938,135.8699951171875,104.41000366210938,137.05999755859375,104.94999694824219,133.32000732421875,103.33000183105469,133.4199981689453,104.86000061035156,81000500,5338300
2022-06-22 00:00:00-04:00,134.93841552734375,104.48043060302734,135.35000610351562,105.44000244140625,137.75999450683594,106.58000183105469,133.91000366210938,103.29000091552734,134.7899932861328,103.55000305175781,73409200,5511600
2022-06-23 00:00:00-04:00,137.8495330810547,105.24342346191406,138.27000427246094,106.20999908447266,138.58999633789062,106.77999877929688,135.6300048828125,105.06999969482422,136.82000732421875,105.94999694824219,72433800,5064800
2022-06-24 00:00:00-04:00,141.22921752929688,108.45392608642578,141.66000366210938,109.44999694824219,141.91000366210938,109.63999938964844,139.77000427246094,106.43000030517578,139.89999389648438,107.0,89116800,14301600
2022-06-27 00:00:00-04:00,141.22921752929688,108.0873031616211,141.66000366210938,109.08000183105469,143.49000549316406,110.0999984741211,140.97000122070312,108.30000305175781,142.6999969482422,109.9000015258789,70207900,3804100
2022-06-28 00:00:00-04:00,137.02206420898438,105.99650573730469,137.44000244140625,106.97000122070312,143.4199981689453,109.93000030517578,137.32000732421875,106.9000015258789,142.1300048828125,109.25,67083400,4185500
2022-06-29 00:00:00-04:00,138.80661010742188,108.10711669921875,139.22999572753906,109.0999984741211,140.6699981689453,109.66999816894531,136.6699981689453,106.73999786376953,137.4600067138672,107.45999908447266,66242400,4552100
2022-06-30 00:00:00-04:00,136.3042449951172,107.66121673583984,136.72000122070312,108.6500015258789,138.3699951171875,109.08000183105469,133.77000427246094,107.36000061035156,137.25,108.08000183105469,98964500,6070900
2022-07-01 00:00:00-04:00,138.50750732421875,109.21692657470703,138.92999267578125,110.22000122070312,139.0399932861328,110.47000122070312,135.66000366210938,107.6500015258789,136.0399932861328,108.20999908447266,71051600,3291700
2022-07-05 00:00:00-04:00,141.1295166015625,108.30530548095703,141.55999755859375,109.30000305175781,141.61000061035156,109.48999786376953,136.92999267578125,107.19999694824219,137.77000427246094,108.73999786376953,73353800,4752300
2022-07-06 00:00:00-04:00,142.4853973388672,107.70085144042969,142.9199981689453,108.69000244140625,144.1199951171875,109.5,141.0800018310547,108.12999725341797,141.35000610351562,108.83000183105469,74064300,3975300
2022-07-07 00:00:00-04:00,145.90496826171875,108.49356842041016,146.35000610351562,109.48999786376953,146.5500030517578,109.62000274658203,143.27999877929688,108.19999694824219,143.2899932861328,108.4800033569336,66253700,4149000
2022-07-08 00:00:00-04:00,146.5928497314453,108.26566314697266,147.0399932861328,109.26000213623047,147.5500030517578,109.91999816894531,145.0,108.55000305175781,145.25999450683594,108.7300033569336,64547800,3115500
2022-07-11 00:00:00-04:00,144.429443359375,107.89903259277344,144.8699951171875,108.88999938964844,146.63999938964844,109.4000015258789,143.77999877929688,108.08000183105469,145.6699981689453,108.5999984741211,63141600,4041100
2022-07-12 00:00:00-04:00,145.41644287109375,107.31439971923828,145.86000061035156,108.30000305175781,148.4499969482422,110.37000274658203,145.0500030517578,107.69999694824219,145.75999450683594,108.5,77588800,5756300
2022-07-13 00:00:00-04:00,145.04757690429688,105.24342346191406,145.49000549316406,106.20999908447266,146.4499969482422,106.97000122070312,142.1199951171875,105.68000030517578,142.99000549316406,106.83999633789062,71185600,5087700
2022-07-14 00:00:00-04:00,148.0185089111328,105.21356201171875,148.47000122070312,105.70999908447266,148.9499969482422,105.91999816894531,143.25,103.76000213623047,144.0800018310547,104.62999725341797,78140700,4993600
2022-07-15 00:00:00-04:00,149.71334838867188,108.30895233154297,150.1699981689453,108.81999969482422,150.86000061035156,108.9800033569336,148.1999969482422,107.26000213623047,149.77999877929688,107.41000366210938,76259900,4617900
2022-07-18 00:00:00-04:00,146.62277221679688,106.51740264892578,147.07000732421875,107.0199966430664,151.57000732421875,108.95999908447266,146.6999969482422,106.69999694824219,150.74000549316406,108.55999755859375,81420900,4499900
2022-07-19 00:00:00-04:00,150.5408172607422,109.41374206542969,151.0,109.93000030517578,151.22999572753906,110.0,146.91000366210938,107.95999908447266,147.9199981689453,108.43000030517578,82982400,5788400
2022-07-20 00:00:00-04:00,152.57461547851562,107.72172546386719,153.0399932861328,108.2300033569336,153.72000122070312,108.81999969482422,150.3699951171875,106.87999725341797,151.1199951171875,106.98999786376953,64823400,7300200
2022-07-21 00:00:00-04:00,154.87759399414062,110.17017364501953,155.35000610351562,110.69000244140625,155.57000732421875,110.72000122070312,151.94000244140625,108.41000366210938,154.5,108.62000274658203,65086600,5698000
2022-07-22 00:00:00-04:00,153.6214141845703,108.68716430664062,154.08999633789062,109.19999694824219,156.27999877929688,112.0,153.41000366210938,108.33000183105469,155.38999938964844,112.0,66675400,4733900
2022-07-25 00:00:00-04:00,152.48489379882812,107.9904556274414,152.9499969482422,108.5,155.0399932861328,109.33000183105469,152.27999877929688,107.47000122070312,154.00999450683594,109.08999633789062,53623900,3905600
2022-07-26 00:00:00-04:00,151.13900756835938,108.57768249511719,151.60000610351562,109.08999633789062,153.08999633789062,109.87999725341797,150.8000030517578,108.30000305175781,152.25999450683594,108.70999908447266,55138700,4824000
2022-07-27 00:00:00-04:00,156.31320190429688,109.47345733642578,156.7899932861328,109.98999786376953,157.3300018310547,110.63999938964844,152.16000366210938,108.62000274658203,152.5800018310547,109.37999725341797,78620700,3303500
2022-07-28 00:00:00-04:00,156.87152099609375,109.84172058105469,157.35000610351562,110.36000061035156,157.63999938964844,111.3499984741211,154.41000366210938,108.54000091552734,156.97999572753906,110.0999984741211,81378700,4736100
2022-07-29 00:00:00-04:00,162.01580810546875,108.328857421875,162.50999450683594,108.83999633789062,163.6300048828125,109.87000274658203,159.5,108.55999755859375,161.24000549316406,109.83000183105469,101786900,4922900
2022-08-01 00:00:00-04:00,161.01885986328125,109.00566101074219,161.50999450683594,109.5199966430664,163.58999633789062,109.9000015258789,160.88999938964844,108.11000061035156,161.00999450683594,108.37999725341797,67829400,3871900
2022-08-02 00:00:00-04:00,159.52340698242188,108.12979888916016,160.00999450683594,108.63999938964844,162.41000366210938,110.9000015258789,159.6300048828125,108.54000091552734,160.10000610351562,109.62000274658203,59907000,3093800
2022-08-03 00:00:00-04:00,165.62481689453125,109.09524536132812,166.1300048828125,109.61000061035156,166.58999633789062,109.97000122070312,160.75,108.2699966430664,160.83999633789062,109.11000061035156,82507500,3866200
2022-08-04 00:00:00-04:00,165.3057861328125,109.20472717285156,165.80999755859375,109.72000122070312,167.19000244140625,110.62000274658203,164.42999267578125,109.58000183105469,166.00999450683594,110.41000366210938,55474100,2794000
2022-08-05 00:00:00-04:00,165.076171875,108.7369384765625,165.35000610351562,109.25,165.85000610351562,109.31999969482422,163.0,108.38999938964844,163.2100067138672,108.75,56697000,2789600
2022-08-08 00:00:00-04:00,164.59695434570312,108.48810577392578,164.8699951171875,109.0,167.80999755859375,109.9800033569336,164.1999969482422,108.58999633789062,166.3699951171875,109.79000091552734,60276900,2283800
2022-08-09 00:00:00-04:00,164.64686584472656,107.40322875976562,164.9199981689453,107.91000366210938,165.82000732421875,108.80000305175781,163.25,107.55000305175781,164.02000427246094,108.08999633789062,63135500,3943500
2022-08-10 00:00:00-04:00,168.95973205566406,109.75214385986328,169.24000549316406,110.2699966430664,169.33999633789062,110.37999725341797,166.89999389648438,109.19999694824219,167.67999267578125,109.76000213623047,70170500,3960900
2022-08-11 00:00:00-04:00,168.21096801757812,109.97110748291016,168.49000549316406,110.48999786376953,170.99000549316406,112.12999725341797,168.19000244140625,110.38999938964844,170.05999755859375,110.83999633789062,57149200,3281400
2022-08-12 00:00:00-04:00,171.8149871826172,110.95646667480469,172.10000610351562,111.4800033569336,172.1699981689453,111.52999877929688,169.39999389648438,110.44000244140625,169.82000732421875,110.86000061035156,68039400,2813300
2022-08-15 00:00:00-04:00,172.90318298339844,111.3744888305664,173.19000244140625,111.9000015258789,173.38999938964844,112.30999755859375,171.35000610351562,111.0199966430664,171.52000427246094,111.30999755859375,54091700,2949500
2022-08-16 00:00:00-04:00,172.74343872070312,111.50387573242188,173.02999877929688,112.02999877929688,173.7100067138672,112.52999877929688,171.66000366210938,111.43000030517578,172.77999877929688,111.45999908447266,56377100,2897400
2022-08-17 00:00:00-04:00,174.26092529296875,110.03083038330078,174.5500030517578,110.55000305175781,176.14999389648438,112.12999725341797,172.57000732421875,110.37000274658203,172.77000427246094,111.62999725341797,79542000,3053500
2022-08-18 00:00:00-04:00,173.86158752441406,109.44359588623047,174.14999389648438,109.95999908447266,174.89999389648438,110.93000030517578,173.1199951171875,108.79000091552734,173.75,110.93000030517578,62290100,4143600
2022-08-19 00:00:00-04:00,171.23594665527344,109.54312896728516,171.52000427246094,110.05999755859375,173.74000549316406,110.80000305175781,171.30999755859375,109.4000015258789,173.02999877929688,110.4800033569336,70346300,5092700
2022-08-22 00:00:00-04:00,167.29249572753906,106.94538116455078,167.57000732421875,107.44999694824219,169.86000061035156,109.30999755859375,167.13999938964844,106.88999938964844,169.69000244140625,108.97000122070312,69026800,3496800
2022-08-23 00:00:00-04:00,166.9530487060547,105.51215362548828,167.22999572753906,106.01000213623047,168.7100067138672,106.87000274658203,166.64999389648438,105.5199966430664,167.0800018310547,106.81999969482422,54147100,4203000
2022-08-24 00:00:00-04:00,167.25254821777344,104.94483184814453,167.52999877929688,105.44000244140625,168.11000061035156,106.16999816894531,166.25,105.12000274658203,167.32000732421875,105.9000015258789,53841500,4278200
2022-08-25 00:00:00-04:00,169.7484130859375,105.39271545410156,170.02999877929688,105.88999938964844,170.13999938964844,105.95999908447266,168.35000610351562,104.55000305175781,168.77999877929688,105.23999786376953,51218200,5249200
2022-08-26 00:00:00-04:00,163.34901428222656,101.42145538330078,163.6199951171875,101.9000015258789,171.0500030517578,106.30000305175781,163.55999755859375,101.62999725341797,170.57000732421875,105.94000244140625,78961000,5440700
2022-08-29 00:00:00-04:00,161.1127471923828,101.36173248291016,161.3800048828125,101.83999633789062,162.89999389648438,102.61000061035156,159.82000732421875,101.20999908447266,161.14999389648438,101.5,73314000,4229900
2022-08-30 00:00:00-04:00,158.64683532714844,101.72003936767578,158.91000366210938,102.19999694824219,162.55999755859375,102.72000122070312,157.72000122070312,101.83999633789062,162.1300048828125,102.43000030517578,77906200,4629700
2022-08-31 00:00:00-04:00,156.95962524414062,102.16793060302734,157.22000122070312,102.6500015258789,160.5800018310547,104.05000305175781,157.13999938964844,102.5999984741211,160.30999755859375,102.97000122070312,87991100,7600700
2022-09-01 00:00:00-04:00,157.6984100341797,104.34764099121094,157.9600067138672,104.83999633789062,158.4199981689453,104.9000015258789,154.6699981689453,102.02999877929688,156.63999938964844,102.36000061035156,74229900,4397900
2022-09-02 00:00:00-04:00,155.5519561767578,102.01863098144531,155.80999755859375,102.5,160.36000061035156,105.6500015258789,154.97000122070312,101.9800033569336,159.75,105.44999694824219,76957800,4103200
2022-09-06 00:00:00-04:00,154.27407836914062,102.22764587402344,154.52999877929688,102.70999908447266,157.08999633789062,103.93000030517578,153.69000244140625,102.23999786376953,156.47000122070312,102.5,73714800,4670400
2022-09-07 00:00:00-04:00,155.70172119140625,104.20829772949219,155.9600067138672,104.69999694824219,156.6699981689453,104.97000122070312,153.61000061035156,102.73999786376953,154.82000732421875,102.87999725341797,87449600,5100800
2022-09-08 00:00:00-04:00,154.20420837402344,106.487548828125,154.4600067138672,106.98999786376953,156.36000061035156,107.56999969482422,152.67999267578125,103.58999633789062,154.63999938964844,103.62999725341797,84923800,8700700
2022-09-09 00:00:00-04:00,157.109375,107.97055053710938,157.3699951171875,108.4800033569336,157.82000732421875,109.06999969482422,154.75,107.02999877929688,155.47000122070312,107.12999725341797,68028800,5781200
2022-09-12 00:00:00-04:00,163.15933227539062,108.77674865722656,163.42999267578125,109.29000091552734,164.25999450683594,109.66999816894531,159.3000030517578,108.51000213623047,159.58999633789062,108.77999877929688,104956000,4358100
2022-09-13 00:00:00-04:00,153.58522033691406,105.34294891357422,153.83999633789062,105.83999633789062,160.5399932861328,107.58000183105469,153.3699951171875,105.58000183105469,159.89999389648438,107.22000122070312,122656600,5300800
2022-09-14 00:00:00-04:00,155.0527801513672,105.2832260131836,155.30999755859375,105.77999877929688,157.10000610351562,106.79000091552734,153.61000061035156,105.01000213623047,154.7899932861328,105.93000030517578,87965400,3264200
2022-09-15 00:00:00-04:00,152.11764526367188,104.56661224365234,152.3699951171875,105.05999755859375,155.24000549316406,107.08000183105469,151.3800048828125,104.86000061035156,154.64999389648438,106.05999755859375,90481100,4237000
2022-09-16 00:00:00-04:00,150.45042419433594,103.51158905029297,150.6999969482422,104.0,151.35000610351562,105.0,148.3699951171875,103.41000366210938,151.2100067138672,104.79000091552734,162278800,8898200
2022-09-19 00:00:00-04:00,154.22415161132812,103.60116577148438,154.47999572753906,104.08999633789062,154.55999755859375,104.11000061035156,149.10000610351562,102.25,149.30999755859375,103.25,81474200,3816000
2022-09-20 00:00:00-04:00,156.64015197753906,101.82952117919922,156.89999389648438,102.30999755859375,158.0800018310547,103.02999877929688,153.0800018310547,101.2300033569336,153.39999389648438,102.79000091552734,107689800,4617100
2022-09-21 00:00:00-04:00,153.46542358398438,100.17732238769531,153.72000122070312,100.6500015258789,158.74000549316406,103.91999816894531,153.60000610351562,100.62000274658203,157.33999633789062,102.87000274658203,101696800,4720500
2022-09-22 00:00:00-04:00,152.48704528808594,100.59535217285156,152.74000549316406,101.06999969482422,154.47000122070312,101.83000183105469,150.91000366210938,99.8499984741211,152.3800048828125,100.05000305175781,86652500,5567500
2022-09-23 00:00:00-04:00,150.1808624267578,100.20718383789062,150.42999267578125,100.68000030517578,151.47000122070312,100.88999938964844,148.55999755859375,98.80999755859375,151.19000244140625,100.38999938964844,96029900,6214600
2022-09-26 00:00:00-04:00,150.5203094482422,99.37112426757812,150.77000427246094,99.83999633789062,153.77000427246094,100.6500015258789,149.63999938964844,99.26000213623047,149.66000366210938,100.18000030517578,93339400,6037800
2022-09-27 00:00:00-04:00,151.5086669921875,97.86821746826172,151.75999450683594,98.33000183105469,154.72000122070312,100.7300033569336,149.9499969482422,97.91000366210938,152.74000549316406,100.25,84442700,6377800
2022-09-28 00:00:00-04:00,149.5918426513672,98.25638580322266,149.83999633789062,98.72000122070312,150.63999938964844,99.2699966430664,144.83999633789062,97.56999969482422,147.63999938964844,98.06999969482422,146691400,7206900
2022-09-29 00:00:00-04:00,142.24403381347656,97.82840728759766,142.47999572753906,98.29000091552734,146.72000122070312,99.18000030517578,140.67999267578125,97.55000305175781,146.10000610351562,98.8499984741211,128138200,6698800
2022-09-30 00:00:00-04:00,137.9711151123047,96.30559539794922,138.1999969482422,96.76000213623047,143.10000610351562,99.5,138.0,96.66999816894531,141.27999877929688,98.70999908447266,124925300,6728400
2022-10-03 00:00:00-04:00,142.21408081054688,99.05262756347656,142.4499969482422,99.5199966430664,143.07000732421875,100.19000244140625,137.69000244140625,97.4000015258789,138.2100067138672,97.80000305175781,114311700,4817600
2022-10-04 00:00:00-04:00,145.85804748535156,102.59590911865234,146.10000610351562,103.08000183105469,146.22000122070312,103.20999908447266,144.25999450683594,100.54000091552734,145.02999877929688,100.73999786376953,87830100,5710800
2022-10-05 00:00:00-04:00,146.15753173828125,102.89450073242188,146.39999389648438,103.37999725341797,147.3800048828125,103.95999908447266,143.00999450683594,101.91999816894531,144.07000732421875,102.16999816894531,79471000,3803400
2022-10-06 00:00:00-04:00,145.18914794921875,101.96886444091797,145.42999267578125,102.44999694824219,147.5399932861328,103.20999908447266,145.22000122070312,101.87999725341797,145.80999755859375,102.86000061035156,68402200,6348100
2022-10-07 00:00:00-04:00,139.8579864501953,101.31196594238281,140.08999633789062,101.79000091552734,143.10000610351562,105.08999633789062,139.4499969482422,101.04000091552734,142.5399932861328,102.5,85925600,8485900
2022-10-10 00:00:00-04:00,140.18743896484375,100.65506744384766,140.4199981689453,101.12999725341797,141.88999938964844,102.31999969482422,138.57000732421875,100.31999969482422,140.4199981689453,102.12000274658203,74899000,4044600
2022-10-11 00:00:00-04:00,138.7498321533203,101.27215576171875,138.97999572753906,101.75,141.35000610351562,102.75,138.22000122070312,100.08999633789062,139.89999389648438,100.8499984741211,77033700,5304800
2022-10-12 00:00:00-04:00,138.1108856201172,99.61000061035156,138.33999633789062,100.08000183105469,140.36000061035156,101.91000366210938,138.16000366210938,100.05999755859375,139.1300048828125,101.25,70433700,4106200
2022-10-13 00:00:00-04:00,142.75320434570312,102.47000122070312,142.99000549316406,102.47000122070312,143.58999633789062,103.08000183105469,134.3699951171875,97.68000030517578,134.99000549316406,97.93000030517578,113224000,6250900
2022-10-14 00:00:00-04:00,138.1508331298828,100.91000366210938,138.3800048828125,100.91000366210938,144.52000427246094,103.91999816894531,138.19000244140625,100.79000091552734,144.30999755859375,103.18000030517578,88598000,6087200
